date,weighted_mean_sentiment,unweighted_mean_sentiment,ups
2023-06-09,0.9994,0.9994,2559
2023-09-06,0.9994000000000001,0.9994,2078
2024-01-03,-0.2618666666666667,-0.18241666666666667,6
2024-02-03,-0.4206721554770318,-0.246525,1415
2024-02-04,0.3172893328161365,0.3248424242424242,2578
2024-02-05,0.0553006821088532,0.16607191011235956,7037
2024-02-06,-0.0936158693323813,0.20416421052631578,11204
2024-02-07,0.11574420653718617,0.28674431818181817,10555
2024-02-08,0.2323348907563025,0.24991368421052634,2975
2024-02-09,0.05218626117372717,0.0876076923076923,10292
2024-02-10,0.2557603056554429,0.24554180327868852,12236
2024-02-11,-0.07147541889483067,0.21540516129032258,5610
2024-02-12,0.2556830689029918,0.20058076923076923,13236
2024-02-13,0.24566165880840118,0.2884545454545454,4666
2024-02-14,0.21366528264393664,0.2263150684931507,19123
2024-02-15,0.27358781473863397,0.3011288590604027,14099
2024-02-16,-0.04721249999999999,0.14923203883495145,15552
2024-02-17,0.3201099750352763,0.3042666666666667,9213
2024-02-18,0.22580504628247236,0.41055625,6698
2024-02-19,0.050776048471078306,0.25854716981132075,10563
2024-02-20,0.025981817071681547,0.24652456140350876,8189
2024-02-21,0.3556645453840787,0.32613310344827584,12901
2024-02-22,-0.10275019153674834,0.2349949494949495,11225
2024-02-23,0.09089655703542629,0.22378666666666666,11037
2024-02-24,0.0338158875413451,0.12564545454545456,9070
2024-02-25,0.30208793297345926,0.28959999999999997,8892
2024-02-26,0.06204362233716139,0.2903818181818182,11407
2024-02-27,0.1780244903259317,0.14496111111111112,15402
2024-02-28,0.16292373393801965,0.13142456140350878,44982
2024-02-29,0.015647678293712507,0.227972,31507
2024-03-01,0.060535315029534006,0.15275000000000002,18284
2024-03-02,0.12591176594845796,0.29846161616161615,18936
2024-03-03,-0.1455030689206762,0.31244851485148517,3845
2024-03-04,0.24498856980527867,0.26747978723404253,38722
2024-03-05,0.10237391644204852,0.13506190476190474,37100
2024-03-06,0.2681870075069918,0.21578375,20381
2024-03-07,0.3289195292669795,0.3012328125,13001
2024-03-08,0.046477831895887875,0.16122544378698225,51944
2024-03-09,0.14455434302132833,0.23720547945205478,18098
2024-03-10,0.287701555907173,0.231944,7584
2024-03-11,0.020363888888888886,0.0916,36
2024-03-13,0.08933344991706929,0.2868087209302326,27734
2024-03-14,0.0870377478567296,0.2205322222222222,19013
2024-03-15,0.03385264793431683,0.24913385826771653,30571
2024-03-16,0.4578191540811131,0.5275843930635837,23572
2024-03-17,0.1324658135283364,0.21107961165048542,13128
2024-03-18,0.1924027583670467,0.3183228571428572,21752
2024-03-19,0.07573091524523792,0.2329,15067
2024-03-20,0.013160207955108097,0.19139255319148937,12118
2024-03-21,0.04355916479247598,0.30479545454545454,19564
2024-03-22,0.11087925111645482,0.26325774647887323,14555
2024-03-23,0.06693544154228856,0.237375,16080
2024-03-24,0.09386226828314431,0.24661797752808987,12785
2024-03-25,0.19206866058994812,0.37690155038759693,15798
2024-03-26,0.0945349567637412,0.2427074468085106,10061
2024-03-27,0.2089835335611154,0.2864905172413793,18146
2024-03-28,0.08095932090545938,0.25717575757575756,13518
2024-03-29,-0.0258543139108852,0.2294705882352941,16922
2024-03-30,0.1090124590644704,0.23747565217391303,20459
2024-03-31,0.08392690876515986,0.2894211678832117,14512
2024-04-01,0.6095566340269277,0.2812372093023256,8170
2024-04-02,-0.02508662392698033,0.13149493670886075,18406
2024-04-03,0.0003763337382042419,0.1887968085106383,10703
2024-04-04,0.09304663212435234,0.24576122448979593,15826
2024-04-05,0.19710647235905857,0.288862962962963,7308
2024-04-06,0.22712391175891272,0.24953714285714287,5077
2024-04-07,0.2828145403446491,0.3114752941176471,13521
2024-04-08,0.23785564921992955,0.21334375,7948
2024-04-09,0.49435495646766164,0.2773377192982456,16080
2024-04-10,-0.1248690579710145,0.1456577319587629,11040
2024-04-11,0.35964298527543165,0.30174615384615383,13379
2024-04-12,0.12237909842984974,0.23338541666666668,11846
2024-04-13,0.02224400303791552,0.2670235294117647,17117
2024-04-14,-0.42225531976744185,0.13948888888888888,13760
2024-04-15,-0.05524160004350901,0.22360272727272726,18387
2024-04-16,0.36700743299832495,0.34752045454545455,9552
2024-04-17,-0.0750122577659513,0.19752637362637365,17287
2024-04-18,0.21322896882494005,0.2939581395348837,8340
2024-04-19,0.2379656874071629,0.18447142857142856,18177
2024-04-20,0.1787145420541852,0.3216272727272727,19784
2024-04-21,0.05722191845764855,0.2926264150943396,6328
2024-04-22,0.24526462855764594,0.3684056603773585,8292
2024-04-23,0.08593967636341175,0.2994636363636364,16191
2024-04-24,0.04956339014877944,0.15165,13846
2024-04-25,0.10446557386331465,0.2533130081300813,17661
2024-04-26,0.18966738923471255,0.23705569620253164,13655
2024-04-27,0.14062649177653933,0.2532257142857143,7357
2024-04-28,-0.21053497418244405,0.18707346938775513,8715
2024-04-29,0.39144793985832005,0.29274666666666666,6917
2024-04-30,0.1560812782440284,0.37900317460317456,7745
2024-05-01,0.020930412267672917,0.15192788461538462,24911
2024-05-02,0.16516284873124915,0.37205849056603774,7133
2024-05-03,0.23953499949814314,0.2741408450704225,9963
2024-05-04,0.08230165378217046,0.32059253731343285,10219
2024-05-05,-0.12521718344155844,0.13173837209302325,12320
2024-05-06,0.2318766037735849,0.2818783505154639,7420
2024-05-07,0.11314539100619807,0.22069620253164554,7583
2024-05-08,-0.15645274261603376,0.224505,1896
2024-05-09,0.05443458021612634,0.25106,1203
2024-05-10,0.019541402074819234,0.3029684210526316,3181
2024-05-11,0.18651214518380643,0.3854085106382979,6447
2024-05-12,0.5503936298932385,0.459978431372549,2810
2024-05-13,0.35276862015901517,0.28591206896551724,7798
2024-05-14,0.044705682672682344,0.1366657894736842,9309
2024-05-15,0.21095939356048765,0.16375578947368422,9597
2024-05-16,0.17437105597230237,0.3093885714285714,25995
2024-05-17,0.3013118119755369,0.2644871212121212,14062
2024-05-18,-0.03726137071651091,0.27162000000000003,7704
2024-05-19,0.145231583403895,0.3578408602150538,8267
2024-05-20,-0.01771718585402559,0.2508035714285714,6645
2024-05-21,0.17912630489335007,0.2733242857142857,15940
2024-05-22,0.37911933307382895,0.38047105263157893,7707
2024-05-23,0.28398681352776917,0.39486116504854374,6446
2024-05-24,-0.00680877170082235,0.13467857142857143,7661
2024-05-25,0.3534235593759949,0.2731486486486487,3141
2024-05-26,0.3750123535319719,0.2547348837209302,5974
2024-05-27,0.07924807913629639,0.24993437500000001,18247
2024-05-28,0.3477895810137709,0.24944848484848484,17065
2024-05-29,0.12488931660899655,0.21215172413793104,4624
2024-05-30,0.09043098273832877,0.2811163461538462,10196
2024-05-31,0.22122957558416784,0.2311988888888889,10485
2024-06-01,0.17697114624505927,0.10978690476190478,9108
2024-06-02,0.14467874015748033,0.30244499999999996,7112
2024-06-03,0.33196519219898246,0.38169255319148937,7076
2024-06-04,0.07909861192714453,0.19285408163265305,13616
2024-06-05,0.10861127834245504,0.21459673913043478,10232
2024-06-06,0.05623995554320644,0.37096837606837607,3599
2024-06-07,0.12135636790606655,0.27700254237288136,12775
2024-06-08,0.08906161582852432,0.20424791666666667,6065
2024-06-09,0.06004849137931035,0.27314606741573033,5568
2024-06-10,0.24951537025513384,0.31777777777777777,12856
2024-06-11,0.050380292125317534,0.1860620253164557,4724
2024-06-12,0.1439486520773866,0.30378055555555555,6306
2024-06-13,0.15179741870175884,0.21660246913580244,7903
2024-06-14,0.05998819832402236,0.23711619047619048,8592
2024-06-15,0.2357711667527104,0.25523999999999997,3874
2024-06-16,0.08264184423910995,0.27520125,5303
2024-06-17,0.1995172852322865,0.3148091836734694,3853
2024-06-18,0.29289548199190174,0.2971104166666667,14077
2024-06-19,0.022785769354320588,0.2637606382978724,12452
2024-06-20,0.3321199204406365,0.34687475728155337,6536
2024-06-21,0.21869383270321358,0.2249136752136752,8464
2024-06-22,0.35673758452586884,0.35710933333333333,6359
2024-06-23,0.15591607645875252,0.20939436619718307,4970
2024-06-24,-0.024301045181466543,0.23428172043010753,12151
2024-06-25,0.2547377360039403,0.2863092783505155,12182
2024-06-26,0.15938069986126097,0.39604799999999996,6487
2024-06-27,-0.0584157097791798,0.18161724137931035,6340
2024-06-28,0.015495712518895147,0.2607007936507937,7277
2024-06-29,-0.14673819044391734,0.22463846153846154,5902
2024-06-30,0.009274655013799451,0.3510427350427351,8696
2024-07-01,0.28158197802197804,0.35644631578947367,5005
2024-07-02,0.15985819299652498,0.2441767676767677,7482
2024-07-03,0.08060479727638502,0.21408676470588237,3231
2024-07-04,-0.04042692307692308,0.20011923076923077,1118
