,date_posted,weighted_sen
0,2023-06-09,0.9995
1,2023-09-06,0.9995
2,2024-01-03,-0.22146666666666667
3,2024-02-03,-0.3486316607773851
4,2024-02-04,0.16714592707525214
5,2024-02-05,0.060550987636777034
6,2024-02-06,-0.08363112281328097
7,2024-02-07,0.11402791495852799
8,2024-02-08,0.22148296296296294
9,2024-02-09,0.06529103887168904
10,2024-02-10,0.24119172422298962
11,2024-02-11,-0.019302657730529235
12,2024-02-12,0.2587851541251133
13,2024-02-13,0.2606755679382769
14,2024-02-14,0.21524866914187105
15,2024-02-15,0.310883722249805
16,2024-02-16,-0.022182208076131683
17,2024-02-17,0.3166466637158349
18,2024-02-18,0.20994109650433224
19,2024-02-19,0.08478075357379533
20,2024-02-20,0.024750067163267803
21,2024-02-21,0.24100720874350826
22,2024-02-22,-0.14317183964365257
23,2024-02-23,0.13784872700915105
24,2024-02-24,0.05148820286659317
25,2024-02-25,0.3585790260908682
26,2024-02-26,0.033839642324888224
27,2024-02-27,0.15235099987014672
28,2024-02-28,0.19377972032636
29,2024-02-29,0.038164414257149205
30,2024-03-01,0.05362803544082258
31,2024-03-02,0.12942228559357838
32,2024-03-03,-0.13537841352405727
33,2024-03-04,0.23602477403026703
34,2024-03-05,0.1474154716981132
35,2024-03-06,0.26129078553554785
36,2024-03-07,0.35619005461118375
37,2024-03-08,0.05318374229469079
38,2024-03-09,0.1644490636454515
39,2024-03-10,0.34517006874669487
40,2024-03-11,0.09393055555555553
41,2024-03-13,0.09903231773274679
42,2024-03-14,0.07660503865776049
43,2024-03-15,0.03009418075954336
44,2024-03-16,0.4196260506502396
45,2024-03-17,0.14027438299817185
46,2024-03-18,0.1933827831923501
47,2024-03-19,0.055189015729740505
48,2024-03-20,0.044283850470374655
49,2024-03-21,0.06911526272745859
50,2024-03-22,0.1109514874613535
51,2024-03-23,0.11774391169154229
52,2024-03-24,0.26279500977708253
53,2024-03-25,0.2027509384069655
54,2024-03-26,0.12654087068879835
55,2024-03-27,0.2133110106910614
56,2024-03-28,0.07817439710016275
57,2024-03-29,0.01756114525469805
58,2024-03-30,0.10638549293709369
59,2024-03-31,0.1155970644983462
60,2024-04-01,0.6182485556915545
61,2024-04-02,-0.011989062755574945
62,2024-04-03,0.015055125689187925
63,2024-04-04,0.11503841825768113
64,2024-04-05,0.28941305418719215
65,2024-04-06,0.22896216269450465
66,2024-04-07,0.259389268545226
67,2024-04-08,0.22976892299949672
68,2024-04-09,0.5123264759395194
69,2024-04-10,-0.1261521920289855
70,2024-04-11,0.36801932370763824
71,2024-04-12,0.1666870065335419
72,2024-04-13,0.07857188212810555
73,2024-04-14,-0.3863572530406408
74,2024-04-15,-0.04612537955052511
75,2024-04-16,0.38428895519262984
76,2024-04-17,-0.07325263492798056
77,2024-04-18,0.23615998800959234
78,2024-04-19,0.23522470704736753
79,2024-04-20,0.15360161241407197
80,2024-04-21,0.05445357142857142
81,2024-04-22,0.27236680357574294
82,2024-04-23,0.14837832848026763
83,2024-04-24,0.04049863533532803
84,2024-04-25,0.11338579033810953
85,2024-04-26,0.21602850970340534
86,2024-04-27,0.12209250998210106
87,2024-04-28,-0.18911853764921946
88,2024-04-29,0.37550421433743664
89,2024-04-30,0.1901627630729503
90,2024-05-01,0.027264825371336815
91,2024-05-02,0.16116357773727746
92,2024-05-03,0.24015201244605036
93,2024-05-04,0.0685826845769193
94,2024-05-05,-0.11534263604182102
95,2024-05-06,0.24330504179023996
96,2024-05-07,0.11646036762761174
97,2024-05-08,-0.15575648734177217
98,2024-05-09,0.16963657522859518
99,2024-05-10,0.013937441056271614
100,2024-05-11,0.1937948088281007
101,2024-05-12,0.5039633807829181
102,2024-05-13,0.35542791741472174
103,2024-05-14,0.05231548067606846
104,2024-05-15,0.23949365991226237
105,2024-05-16,0.17693277168686286
106,2024-05-17,0.2683248663292222
107,2024-05-18,-0.04385213029315963
108,2024-05-19,0.17538891180395486
109,2024-05-20,-0.03314731376975169
110,2024-05-21,0.2065876354245402
111,2024-05-22,0.3584937191442677
112,2024-05-23,0.2952832213716607
113,2024-05-24,0.02255844784714043
114,2024-05-25,0.3555501432664756
115,2024-05-26,0.41459045865416805
116,2024-05-27,0.07662493917963227
117,2024-05-28,0.26538462536108
118,2024-05-29,0.0944171359965073
119,2024-05-30,0.1204888776337115
120,2024-05-31,0.2298689492892816
121,2024-06-01,0.17270264603655117
122,2024-06-02,0.1669775666477595
123,2024-06-03,0.3140479994324631
124,2024-06-04,0.09591090441176471
125,2024-06-05,0.1075768564965083
126,2024-06-06,0.03595969889982631
127,2024-06-07,0.12198460690089807
128,2024-06-08,0.10567245706737119
129,2024-06-09,0.15987906558849954
130,2024-06-10,0.24122145710928322
131,2024-06-11,0.051724470338983045
132,2024-06-12,0.14990061845861086
133,2024-06-13,0.19179285621170641
134,2024-06-14,0.10169067407586374
135,2024-06-15,0.23143871051944662
136,2024-06-16,0.07643655486071632
137,2024-06-17,0.18957982219827585
138,2024-06-18,0.3527516876287927
139,2024-06-19,0.01586391272370679
140,2024-06-20,0.3360768252472916
141,2024-06-21,0.21282515217920622
142,2024-06-22,0.354527818239392
143,2024-06-23,0.1276141224489796
144,2024-06-24,-0.03885718047897293
145,2024-06-25,0.2967012066984075
146,2024-06-26,0.1593923693540928
147,2024-06-27,-0.042350292873413624
148,2024-06-28,0.005608980234889717
149,2024-06-29,-0.19972850459192515
150,2024-06-30,0.014420893803271136
151,2024-07-01,0.2792154685890834
152,2024-07-02,0.20783571614244867
153,2024-07-03,0.17828505747126439
